--
-- PostgreSQL database dump
--

\restrict rMu2cYEI9zNWhqHdgvingMsDzfyfMuZoSJwVuwolMmpuRpM0VEOcJ0odzS9CoER

-- Dumped from database version 16.12
-- Dumped by pg_dump version 16.12

SET statement_timeout = 0;
SET lock_timeout = 0;
SET idle_in_transaction_session_timeout = 0;
SET client_encoding = 'UTF8';
SET standard_conforming_strings = on;
SELECT pg_catalog.set_config('search_path', '', false);
SET check_function_bodies = false;
SET xmloption = content;
SET client_min_messages = warning;
SET row_security = off;

SET default_tablespace = '';

SET default_table_access_method = heap;

--
-- Name: accounts_emailotp; Type: TABLE; Schema: public; Owner: postgres
--

CREATE TABLE public.accounts_emailotp (
    id bigint NOT NULL,
    otp character varying(6) NOT NULL,
    created_at timestamp with time zone NOT NULL,
    is_used boolean NOT NULL,
    user_id bigint NOT NULL
);


ALTER TABLE public.accounts_emailotp OWNER TO postgres;

--
-- Name: accounts_emailotp_id_seq; Type: SEQUENCE; Schema: public; Owner: postgres
--

ALTER TABLE public.accounts_emailotp ALTER COLUMN id ADD GENERATED BY DEFAULT AS IDENTITY (
    SEQUENCE NAME public.accounts_emailotp_id_seq
    START WITH 1
    INCREMENT BY 1
    NO MINVALUE
    NO MAXVALUE
    CACHE 1
);


--
-- Name: accounts_notification; Type: TABLE; Schema: public; Owner: postgres
--

CREATE TABLE public.accounts_notification (
    id bigint NOT NULL,
    message text NOT NULL,
    is_read boolean NOT NULL,
    created_at timestamp with time zone NOT NULL,
    user_id bigint NOT NULL
);


ALTER TABLE public.accounts_notification OWNER TO postgres;

--
-- Name: accounts_notification_id_seq; Type: SEQUENCE; Schema: public; Owner: postgres
--

ALTER TABLE public.accounts_notification ALTER COLUMN id ADD GENERATED BY DEFAULT AS IDENTITY (
    SEQUENCE NAME public.accounts_notification_id_seq
    START WITH 1
    INCREMENT BY 1
    NO MINVALUE
    NO MAXVALUE
    CACHE 1
);


--
-- Name: accounts_user; Type: TABLE; Schema: public; Owner: postgres
--

CREATE TABLE public.accounts_user (
    id bigint NOT NULL,
    password character varying(128) NOT NULL,
    last_login timestamp with time zone,
    is_superuser boolean NOT NULL,
    first_name character varying(150) NOT NULL,
    last_name character varying(150) NOT NULL,
    is_staff boolean NOT NULL,
    is_active boolean NOT NULL,
    date_joined timestamp with time zone NOT NULL,
    email character varying(254) NOT NULL,
    role character varying(20) NOT NULL,
    organization_name character varying(255) NOT NULL,
    contact_person character varying(255) NOT NULL,
    phone character varying(15) NOT NULL,
    city character varying(100) NOT NULL,
    state character varying(100) NOT NULL,
    agreed_terms boolean NOT NULL,
    email_verified boolean NOT NULL,
    is_verified boolean NOT NULL,
    fcm_token text,
    district character varying(100),
    pincode character varying(10),
    street character varying(255)
);


ALTER TABLE public.accounts_user OWNER TO postgres;

--
-- Name: accounts_user_groups; Type: TABLE; Schema: public; Owner: postgres
--

CREATE TABLE public.accounts_user_groups (
    id bigint NOT NULL,
    user_id bigint NOT NULL,
    group_id integer NOT NULL
);


ALTER TABLE public.accounts_user_groups OWNER TO postgres;

--
-- Name: accounts_user_groups_id_seq; Type: SEQUENCE; Schema: public; Owner: postgres
--

ALTER TABLE public.accounts_user_groups ALTER COLUMN id ADD GENERATED BY DEFAULT AS IDENTITY (
    SEQUENCE NAME public.accounts_user_groups_id_seq
    START WITH 1
    INCREMENT BY 1
    NO MINVALUE
    NO MAXVALUE
    CACHE 1
);


--
-- Name: accounts_user_id_seq; Type: SEQUENCE; Schema: public; Owner: postgres
--

ALTER TABLE public.accounts_user ALTER COLUMN id ADD GENERATED BY DEFAULT AS IDENTITY (
    SEQUENCE NAME public.accounts_user_id_seq
    START WITH 1
    INCREMENT BY 1
    NO MINVALUE
    NO MAXVALUE
    CACHE 1
);


--
-- Name: accounts_user_user_permissions; Type: TABLE; Schema: public; Owner: postgres
--

CREATE TABLE public.accounts_user_user_permissions (
    id bigint NOT NULL,
    user_id bigint NOT NULL,
    permission_id integer NOT NULL
);


ALTER TABLE public.accounts_user_user_permissions OWNER TO postgres;

--
-- Name: accounts_user_user_permissions_id_seq; Type: SEQUENCE; Schema: public; Owner: postgres
--

ALTER TABLE public.accounts_user_user_permissions ALTER COLUMN id ADD GENERATED BY DEFAULT AS IDENTITY (
    SEQUENCE NAME public.accounts_user_user_permissions_id_seq
    START WITH 1
    INCREMENT BY 1
    NO MINVALUE
    NO MAXVALUE
    CACHE 1
);


--
-- Name: accounts_verificationdocument; Type: TABLE; Schema: public; Owner: postgres
--

CREATE TABLE public.accounts_verificationdocument (
    id bigint NOT NULL,
    document_type character varying(50) NOT NULL,
    file character varying(100) NOT NULL,
    uploaded_at timestamp with time zone NOT NULL,
    approved boolean NOT NULL,
    rejected boolean NOT NULL,
    user_id bigint NOT NULL
);


ALTER TABLE public.accounts_verificationdocument OWNER TO postgres;

--
-- Name: accounts_verificationdocument_id_seq; Type: SEQUENCE; Schema: public; Owner: postgres
--

ALTER TABLE public.accounts_verificationdocument ALTER COLUMN id ADD GENERATED BY DEFAULT AS IDENTITY (
    SEQUENCE NAME public.accounts_verificationdocument_id_seq
    START WITH 1
    INCREMENT BY 1
    NO MINVALUE
    NO MAXVALUE
    CACHE 1
);


--
-- Name: auth_group; Type: TABLE; Schema: public; Owner: postgres
--

CREATE TABLE public.auth_group (
    id integer NOT NULL,
    name character varying(150) NOT NULL
);


ALTER TABLE public.auth_group OWNER TO postgres;

--
-- Name: auth_group_id_seq; Type: SEQUENCE; Schema: public; Owner: postgres
--

ALTER TABLE public.auth_group ALTER COLUMN id ADD GENERATED BY DEFAULT AS IDENTITY (
    SEQUENCE NAME public.auth_group_id_seq
    START WITH 1
    INCREMENT BY 1
    NO MINVALUE
    NO MAXVALUE
    CACHE 1
);


--
-- Name: auth_group_permissions; Type: TABLE; Schema: public; Owner: postgres
--

CREATE TABLE public.auth_group_permissions (
    id bigint NOT NULL,
    group_id integer NOT NULL,
    permission_id integer NOT NULL
);


ALTER TABLE public.auth_group_permissions OWNER TO postgres;

--
-- Name: auth_group_permissions_id_seq; Type: SEQUENCE; Schema: public; Owner: postgres
--

ALTER TABLE public.auth_group_permissions ALTER COLUMN id ADD GENERATED BY DEFAULT AS IDENTITY (
    SEQUENCE NAME public.auth_group_permissions_id_seq
    START WITH 1
    INCREMENT BY 1
    NO MINVALUE
    NO MAXVALUE
    CACHE 1
);


--
-- Name: auth_permission; Type: TABLE; Schema: public; Owner: postgres
--

CREATE TABLE public.auth_permission (
    id integer NOT NULL,
    name character varying(255) NOT NULL,
    content_type_id integer NOT NULL,
    codename character varying(100) NOT NULL
);


ALTER TABLE public.auth_permission OWNER TO postgres;

--
-- Name: auth_permission_id_seq; Type: SEQUENCE; Schema: public; Owner: postgres
--

ALTER TABLE public.auth_permission ALTER COLUMN id ADD GENERATED BY DEFAULT AS IDENTITY (
    SEQUENCE NAME public.auth_permission_id_seq
    START WITH 1
    INCREMENT BY 1
    NO MINVALUE
    NO MAXVALUE
    CACHE 1
);


--
-- Name: django_admin_log; Type: TABLE; Schema: public; Owner: postgres
--

CREATE TABLE public.django_admin_log (
    id integer NOT NULL,
    action_time timestamp with time zone NOT NULL,
    object_id text,
    object_repr character varying(200) NOT NULL,
    action_flag smallint NOT NULL,
    change_message text NOT NULL,
    content_type_id integer,
    user_id bigint NOT NULL,
    CONSTRAINT django_admin_log_action_flag_check CHECK ((action_flag >= 0))
);


ALTER TABLE public.django_admin_log OWNER TO postgres;

--
-- Name: django_admin_log_id_seq; Type: SEQUENCE; Schema: public; Owner: postgres
--

ALTER TABLE public.django_admin_log ALTER COLUMN id ADD GENERATED BY DEFAULT AS IDENTITY (
    SEQUENCE NAME public.django_admin_log_id_seq
    START WITH 1
    INCREMENT BY 1
    NO MINVALUE
    NO MAXVALUE
    CACHE 1
);


--
-- Name: django_content_type; Type: TABLE; Schema: public; Owner: postgres
--

CREATE TABLE public.django_content_type (
    id integer NOT NULL,
    app_label character varying(100) NOT NULL,
    model character varying(100) NOT NULL
);


ALTER TABLE public.django_content_type OWNER TO postgres;

--
-- Name: django_content_type_id_seq; Type: SEQUENCE; Schema: public; Owner: postgres
--

ALTER TABLE public.django_content_type ALTER COLUMN id ADD GENERATED BY DEFAULT AS IDENTITY (
    SEQUENCE NAME public.django_content_type_id_seq
    START WITH 1
    INCREMENT BY 1
    NO MINVALUE
    NO MAXVALUE
    CACHE 1
);


--
-- Name: django_migrations; Type: TABLE; Schema: public; Owner: postgres
--

CREATE TABLE public.django_migrations (
    id bigint NOT NULL,
    app character varying(255) NOT NULL,
    name character varying(255) NOT NULL,
    applied timestamp with time zone NOT NULL
);


ALTER TABLE public.django_migrations OWNER TO postgres;

--
-- Name: django_migrations_id_seq; Type: SEQUENCE; Schema: public; Owner: postgres
--

ALTER TABLE public.django_migrations ALTER COLUMN id ADD GENERATED BY DEFAULT AS IDENTITY (
    SEQUENCE NAME public.django_migrations_id_seq
    START WITH 1
    INCREMENT BY 1
    NO MINVALUE
    NO MAXVALUE
    CACHE 1
);


--
-- Name: django_session; Type: TABLE; Schema: public; Owner: postgres
--

CREATE TABLE public.django_session (
    session_key character varying(40) NOT NULL,
    session_data text NOT NULL,
    expire_date timestamp with time zone NOT NULL
);


ALTER TABLE public.django_session OWNER TO postgres;

--
-- Name: donations_donation; Type: TABLE; Schema: public; Owner: postgres
--

CREATE TABLE public.donations_donation (
    id bigint NOT NULL,
    food_name character varying(200) NOT NULL,
    quantity character varying(100) NOT NULL,
    expiry_time timestamp with time zone NOT NULL,
    status character varying(20) NOT NULL,
    created_at timestamp with time zone NOT NULL,
    address_id bigint NOT NULL,
    restaurant_id bigint NOT NULL,
    description text NOT NULL
);


ALTER TABLE public.donations_donation OWNER TO postgres;

--
-- Name: donations_donation_id_seq; Type: SEQUENCE; Schema: public; Owner: postgres
--

ALTER TABLE public.donations_donation ALTER COLUMN id ADD GENERATED BY DEFAULT AS IDENTITY (
    SEQUENCE NAME public.donations_donation_id_seq
    START WITH 1
    INCREMENT BY 1
    NO MINVALUE
    NO MAXVALUE
    CACHE 1
);


--
-- Name: donations_donationquery; Type: TABLE; Schema: public; Owner: postgres
--

CREATE TABLE public.donations_donationquery (
    id bigint NOT NULL,
    message text NOT NULL,
    created_at timestamp with time zone NOT NULL,
    donation_id bigint NOT NULL,
    sender_id bigint NOT NULL
);


ALTER TABLE public.donations_donationquery OWNER TO postgres;

--
-- Name: donations_donationquery_id_seq; Type: SEQUENCE; Schema: public; Owner: postgres
--

ALTER TABLE public.donations_donationquery ALTER COLUMN id ADD GENERATED BY DEFAULT AS IDENTITY (
    SEQUENCE NAME public.donations_donationquery_id_seq
    START WITH 1
    INCREMENT BY 1
    NO MINVALUE
    NO MAXVALUE
    CACHE 1
);


--
-- Name: donations_donationrequest; Type: TABLE; Schema: public; Owner: postgres
--

CREATE TABLE public.donations_donationrequest (
    id bigint NOT NULL,
    status character varying(20) NOT NULL,
    requested_at timestamp with time zone NOT NULL,
    donation_id bigint NOT NULL,
    ngo_id bigint NOT NULL
);


ALTER TABLE public.donations_donationrequest OWNER TO postgres;

--
-- Name: donations_donationrequest_id_seq; Type: SEQUENCE; Schema: public; Owner: postgres
--

ALTER TABLE public.donations_donationrequest ALTER COLUMN id ADD GENERATED BY DEFAULT AS IDENTITY (
    SEQUENCE NAME public.donations_donationrequest_id_seq
    START WITH 1
    INCREMENT BY 1
    NO MINVALUE
    NO MAXVALUE
    CACHE 1
);


--
-- Name: location_address; Type: TABLE; Schema: public; Owner: postgres
--

CREATE TABLE public.location_address (
    id bigint NOT NULL,
    street character varying(255) NOT NULL,
    city character varying(100) NOT NULL,
    state character varying(100) NOT NULL,
    pincode character varying(10) NOT NULL,
    latitude double precision NOT NULL,
    longitude double precision NOT NULL,
    user_id bigint NOT NULL
);


ALTER TABLE public.location_address OWNER TO postgres;

--
-- Name: location_address_id_seq; Type: SEQUENCE; Schema: public; Owner: postgres
--

ALTER TABLE public.location_address ALTER COLUMN id ADD GENERATED BY DEFAULT AS IDENTITY (
    SEQUENCE NAME public.location_address_id_seq
    START WITH 1
    INCREMENT BY 1
    NO MINVALUE
    NO MAXVALUE
    CACHE 1
);


--
-- Data for Name: accounts_emailotp; Type: TABLE DATA; Schema: public; Owner: postgres
--

COPY public.accounts_emailotp (id, otp, created_at, is_used, user_id) FROM stdin;
3	985208	2026-02-22 20:26:52.705655+05:30	t	3
4	746107	2026-02-23 00:24:16.515776+05:30	t	4
5	235941	2026-03-19 16:48:55.102782+05:30	t	7
\.


--
-- Data for Name: accounts_notification; Type: TABLE DATA; Schema: public; Owner: postgres
--

COPY public.accounts_notification (id, message, is_read, created_at, user_id) FROM stdin;
1	Your request for 'fruits' was accepted.	f	2026-03-02 00:40:01.598239+05:30	4
2	ashram requested your donation.	f	2026-03-15 23:55:18.336723+05:30	3
3	Your request for 'rice' was accepted.	f	2026-03-15 23:55:51.298773+05:30	4
4	New message regarding 'rice'.	f	2026-03-15 23:56:57.356896+05:30	4
5	New message regarding 'rice'.	f	2026-03-16 00:00:00.964744+05:30	3
6	New message regarding 'rice'.	f	2026-03-16 00:00:17.003502+05:30	4
7	ashram requested your donation.	f	2026-03-16 19:46:08.842811+05:30	3
8	Your request for 'rice' was accepted.	f	2026-03-16 19:46:41.658849+05:30	4
9	New message regarding 'rice'.	f	2026-03-16 19:47:05.693363+05:30	3
10	New message regarding 'rice'.	f	2026-03-16 19:47:16.748541+05:30	4
11	New message regarding 'rice'.	f	2026-03-16 19:55:29.122119+05:30	3
12	New message regarding 'rice'.	f	2026-03-16 19:55:45.03868+05:30	4
13	New message regarding 'rice'.	f	2026-03-16 19:56:02.096599+05:30	3
14	New message regarding 'rice'.	f	2026-03-16 19:56:21.422621+05:30	4
15	New message regarding 'rice'.	f	2026-03-16 19:56:35.861349+05:30	3
16	New message regarding 'rice'.	f	2026-03-16 19:56:54.069631+05:30	4
17	New message regarding 'rice'.	f	2026-03-16 23:41:42.912165+05:30	3
18	ashram requested your donation.	f	2026-03-17 15:26:45.87307+05:30	3
19	Your request for 'rice' was rejected.	f	2026-03-19 17:30:58.285066+05:30	4
20	Tanisha Foundation requested your donation.	f	2026-03-19 18:06:28.923087+05:30	3
21	Tanisha Foundation requested your donation.	f	2026-03-19 18:17:06.490298+05:30	3
22	Sakshi Foundation requested your donation.	f	2026-03-19 18:18:24.974912+05:30	3
23	Your request for 'Daal Chaval' was accepted.	f	2026-03-19 18:18:38.88568+05:30	7
24	Your request for 'Momos' was accepted.	f	2026-03-19 18:18:54.301153+05:30	4
25	New message regarding 'Momos'.	f	2026-03-19 18:19:25.73983+05:30	4
26	New message regarding 'Daal Chaval'.	f	2026-03-19 18:19:34.915582+05:30	7
27	New message regarding 'Daal Chaval'.	f	2026-03-19 18:19:58.88838+05:30	3
\.


--
-- Data for Name: accounts_user; Type: TABLE DATA; Schema: public; Owner: postgres
--

COPY public.accounts_user (id, password, last_login, is_superuser, first_name, last_name, is_staff, is_active, date_joined, email, role, organization_name, contact_person, phone, city, state, agreed_terms, email_verified, is_verified, fcm_token, district, pincode, street) FROM stdin;
3	pbkdf2_sha256$1000000$9v4AVielB3YJy2AcsOu3VU$e5Q2L86tvLrsbn4AAJWLpXIXW3ewmsPeA7Yl98qytUk=	2026-03-19 20:34:36.545099+05:30	f			f	t	2026-02-22 20:26:52+05:30	sy1952006@gmail.com	restaurant	TheGreatChief	Saurabh Yadav	1234567890	kalyan	Maharashtra	t	t	t	\N	Thane	421102	Mohone
4	pbkdf2_sha256$1000000$UVdJGyr2d4PKiUufwmHe2l$ujqGbqk1SERO34j6e3ZY+Pe9oyNzaQ9tYZaSBchBZy4=	2026-03-19 23:17:18.514602+05:30	f			f	t	2026-02-23 00:24:16+05:30	sy1952004@gmail.com	ngo	Tanisha Foundation	Tanisha Pandey	8655647416	kalyan	Maharashtra	t	t	t	e0lfMXXerzG4x1-_4odMoi:APA91bGzUUjUjm8qFPdUm7xuacPnqjNbCwH2YThdy6hjtSKC1AKBMT5KPcsabk5KJLEEtQUs61J1zI4qLtwhlxTu5e_yvoUhYr7Sp8C4JUm53jVv1vbdYvI	Thane	421102	khadakpada
7	pbkdf2_sha256$1000000$qORURnxsP3XnD77I7xcSg0$E0YtjrdXeIQk/QWrbz3KVpGqxYvOSM75oxipNRCPiFQ=	2026-03-19 18:17:46.410367+05:30	f			f	t	2026-03-19 16:48:54+05:30	sakshimane794@gmail.com	ngo	Sakshi Foundation	Sakshi Mane	8693027312	Navi mumbai	Maharashtra	t	t	t	\N	Thane	400706	A-9, 2/16 shree balaji CHS, sec-18 nerul(w)
6	pbkdf2_sha256$1000000$V3eh2ssfZB9YLnJ1yy8ns5$Aj2MBJnRfes3sSGaE+dhlp4/KSFlfK6h7LHCp+BaNE8=	2026-03-19 18:58:29.845033+05:30	t			t	t	2026-02-24 00:21:31.919245+05:30	admin@gmail.com							f	t	t	\N	\N	\N	\N
\.


--
-- Data for Name: accounts_user_groups; Type: TABLE DATA; Schema: public; Owner: postgres
--

COPY public.accounts_user_groups (id, user_id, group_id) FROM stdin;
\.


--
-- Data for Name: accounts_user_user_permissions; Type: TABLE DATA; Schema: public; Owner: postgres
--

COPY public.accounts_user_user_permissions (id, user_id, permission_id) FROM stdin;
1	4	37
\.


--
-- Data for Name: accounts_verificationdocument; Type: TABLE DATA; Schema: public; Owner: postgres
--

COPY public.accounts_verificationdocument (id, document_type, file, uploaded_at, approved, rejected, user_id) FROM stdin;
9	food_storage	verification_documents/FSSAI_Tanisha.png	2026-03-18 20:22:52.904662+05:30	t	f	4
10	ngo_registration	verification_documents/NGO_Tanisha.png	2026-03-18 20:23:09.026975+05:30	t	f	4
12	ngo_registration	verification_documents/NGO_Sakshi.png	2026-03-19 17:22:54.727337+05:30	t	f	7
11	food_storage	verification_documents/FSSAI_Sakshi.png	2026-03-19 17:18:59.172621+05:30	t	f	7
14	business_registration	verification_documents/Restuarant_Saurabh.png	2026-03-19 18:57:48.752824+05:30	t	f	3
13	fssai	verification_documents/FSSAI_Saurabh.png	2026-03-19 18:57:34.551906+05:30	t	f	3
\.


--
-- Data for Name: auth_group; Type: TABLE DATA; Schema: public; Owner: postgres
--

COPY public.auth_group (id, name) FROM stdin;
\.


--
-- Data for Name: auth_group_permissions; Type: TABLE DATA; Schema: public; Owner: postgres
--

COPY public.auth_group_permissions (id, group_id, permission_id) FROM stdin;
\.


--
-- Data for Name: auth_permission; Type: TABLE DATA; Schema: public; Owner: postgres
--

COPY public.auth_permission (id, name, content_type_id, codename) FROM stdin;
1	Can add log entry	1	add_logentry
2	Can change log entry	1	change_logentry
3	Can delete log entry	1	delete_logentry
4	Can view log entry	1	view_logentry
5	Can add permission	2	add_permission
6	Can change permission	2	change_permission
7	Can delete permission	2	delete_permission
8	Can view permission	2	view_permission
9	Can add group	3	add_group
10	Can change group	3	change_group
11	Can delete group	3	delete_group
12	Can view group	3	view_group
13	Can add content type	4	add_contenttype
14	Can change content type	4	change_contenttype
15	Can delete content type	4	delete_contenttype
16	Can view content type	4	view_contenttype
17	Can add session	5	add_session
18	Can change session	5	change_session
19	Can delete session	5	delete_session
20	Can view session	5	view_session
21	Can add user	6	add_user
22	Can change user	6	change_user
23	Can delete user	6	delete_user
24	Can view user	6	view_user
25	Can add email otp	7	add_emailotp
26	Can change email otp	7	change_emailotp
27	Can delete email otp	7	delete_emailotp
28	Can view email otp	7	view_emailotp
29	Can add address	8	add_address
30	Can change address	8	change_address
31	Can delete address	8	delete_address
32	Can view address	8	view_address
33	Can add donation	9	add_donation
34	Can change donation	9	change_donation
35	Can delete donation	9	delete_donation
36	Can view donation	9	view_donation
37	Can add donation request	10	add_donationrequest
38	Can change donation request	10	change_donationrequest
39	Can delete donation request	10	delete_donationrequest
40	Can view donation request	10	view_donationrequest
41	Can add verification document	11	add_verificationdocument
42	Can change verification document	11	change_verificationdocument
43	Can delete verification document	11	delete_verificationdocument
44	Can view verification document	11	view_verificationdocument
45	Can add notification	12	add_notification
46	Can change notification	12	change_notification
47	Can delete notification	12	delete_notification
48	Can view notification	12	view_notification
49	Can add donation query	13	add_donationquery
50	Can change donation query	13	change_donationquery
51	Can delete donation query	13	delete_donationquery
52	Can view donation query	13	view_donationquery
\.


--
-- Data for Name: django_admin_log; Type: TABLE DATA; Schema: public; Owner: postgres
--

COPY public.django_admin_log (id, action_time, object_id, object_repr, action_flag, change_message, content_type_id, user_id) FROM stdin;
2	2026-02-24 00:22:28.096722+05:30	1	ashram - fssai	2	[{"changed": {"fields": ["Approved"]}}]	11	6
3	2026-02-24 00:23:14.596092+05:30	1	ashram - fssai	2	[]	11	6
4	2026-02-24 00:24:13.098901+05:30	2	ashram - business_registration	2	[{"changed": {"fields": ["Approved"]}}]	11	6
5	2026-02-24 01:15:03.680766+05:30	3	TheGreatChief - fssai	2	[{"changed": {"fields": ["Approved"]}}]	11	6
6	2026-02-24 01:15:12.686605+05:30	4	TheGreatChief - business_registration	2	[{"changed": {"fields": ["Approved"]}}]	11	6
7	2026-02-24 19:46:57.208952+05:30	5	ashram - food_storage	2	[{"changed": {"fields": ["Approved"]}}]	11	6
8	2026-02-24 19:51:00.709718+05:30	7	TheGreatChief - business_registration	2	[{"changed": {"fields": ["Approved"]}}]	11	6
9	2026-02-24 19:51:07.377891+05:30	6	TheGreatChief - fssai	2	[{"changed": {"fields": ["Approved"]}}]	11	6
10	2026-02-24 19:51:50.239389+05:30	4	TheGreatChief - business_registration	3		11	6
11	2026-02-24 19:51:50.239389+05:30	3	TheGreatChief - fssai	3		11	6
12	2026-02-24 19:51:50.239389+05:30	2	ashram - business_registration	3		11	6
13	2026-03-18 19:43:28.570073+05:30	4	Tanisha Foundation	2	[{"changed": {"fields": ["User permissions", "Organization name", "Contact person", "Street", "City", "District", "State", "Pincode"]}}]	6	6
14	2026-03-18 19:43:50.189975+05:30	8	Tanisha Foundation - ngo_registration	2	[{"changed": {"fields": ["Approved"]}}]	11	6
15	2026-03-18 19:44:40.898083+05:30	5	Tanisha Foundation - food_storage	3		11	6
16	2026-03-18 19:45:49.022935+05:30	3	TheGreatChief	2	[{"changed": {"fields": ["Street", "District", "State", "Pincode"]}}]	6	6
17	2026-03-18 20:24:41.540911+05:30	8	Tanisha Foundation - ngo_registration	3		11	6
18	2026-03-18 20:24:41.541991+05:30	1	Tanisha Foundation - fssai	3		11	6
19	2026-03-18 20:24:48.999113+05:30	9	Tanisha Foundation - food_storage	2	[{"changed": {"fields": ["Approved"]}}]	11	6
20	2026-03-18 20:24:57.117262+05:30	10	Tanisha Foundation - ngo_registration	2	[{"changed": {"fields": ["Approved"]}}]	11	6
21	2026-03-19 17:02:44.483403+05:30	7	Sakshi Foundation	2	[{"changed": {"fields": ["Organization name", "Street"]}}]	6	6
22	2026-03-19 17:23:28.36627+05:30	12	Sakshi Foundation - ngo_registration	2	[{"changed": {"fields": ["Approved"]}}]	11	6
23	2026-03-19 17:23:33.683273+05:30	11	Sakshi Foundation - food_storage	2	[{"changed": {"fields": ["Approved"]}}]	11	6
24	2026-03-19 18:58:44.70827+05:30	7	TheGreatChief - business_registration	3		11	6
25	2026-03-19 18:58:44.70827+05:30	6	TheGreatChief - fssai	3		11	6
26	2026-03-19 18:59:03.602104+05:30	14	TheGreatChief - business_registration	2	[{"changed": {"fields": ["Approved"]}}]	11	6
27	2026-03-19 18:59:09.474584+05:30	13	TheGreatChief - fssai	2	[{"changed": {"fields": ["Approved"]}}]	11	6
\.


--
-- Data for Name: django_content_type; Type: TABLE DATA; Schema: public; Owner: postgres
--

COPY public.django_content_type (id, app_label, model) FROM stdin;
1	admin	logentry
2	auth	permission
3	auth	group
4	contenttypes	contenttype
5	sessions	session
6	accounts	user
7	accounts	emailotp
8	location	address
9	donations	donation
10	donations	donationrequest
11	accounts	verificationdocument
12	accounts	notification
13	donations	donationquery
\.


--
-- Data for Name: django_migrations; Type: TABLE DATA; Schema: public; Owner: postgres
--

COPY public.django_migrations (id, app, name, applied) FROM stdin;
1	contenttypes	0001_initial	2026-02-22 02:32:03.668508+05:30
2	contenttypes	0002_remove_content_type_name	2026-02-22 19:08:20.094035+05:30
3	auth	0001_initial	2026-02-22 19:08:20.156936+05:30
4	auth	0002_alter_permission_name_max_length	2026-02-22 19:08:20.165338+05:30
5	auth	0003_alter_user_email_max_length	2026-02-22 19:08:20.170394+05:30
6	auth	0004_alter_user_username_opts	2026-02-22 19:08:20.177394+05:30
7	auth	0005_alter_user_last_login_null	2026-02-22 19:08:20.186296+05:30
8	auth	0006_require_contenttypes_0002	2026-02-22 19:08:20.188366+05:30
9	auth	0007_alter_validators_add_error_messages	2026-02-22 19:08:20.197611+05:30
10	auth	0008_alter_user_username_max_length	2026-02-22 19:08:20.205613+05:30
11	auth	0009_alter_user_last_name_max_length	2026-02-22 19:08:20.212611+05:30
12	auth	0010_alter_group_name_max_length	2026-02-22 19:08:20.221328+05:30
13	auth	0011_update_proxy_permissions	2026-02-22 19:08:20.229859+05:30
14	auth	0012_alter_user_first_name_max_length	2026-02-22 19:08:20.23715+05:30
15	accounts	0001_initial	2026-02-22 19:08:20.304461+05:30
16	admin	0001_initial	2026-02-22 19:08:20.333508+05:30
17	admin	0002_logentry_remove_auto_add	2026-02-22 19:08:20.343421+05:30
18	admin	0003_logentry_add_action_flag_choices	2026-02-22 19:08:20.351921+05:30
19	sessions	0001_initial	2026-02-22 19:08:20.367767+05:30
20	location	0001_initial	2026-02-22 19:10:24.167765+05:30
21	donations	0001_initial	2026-02-22 19:10:24.23423+05:30
22	donations	0002_donation_description	2026-02-22 21:09:49.270371+05:30
23	accounts	0002_verificationdocument	2026-02-23 21:22:44.828129+05:30
24	donations	0003_alter_donationrequest_unique_together	2026-02-24 20:01:40.710382+05:30
25	accounts	0003_alter_user_managers_notification	2026-03-02 00:26:18.388416+05:30
26	donations	0004_alter_donation_status_donationquery	2026-03-15 20:13:15.055124+05:30
27	accounts	0004_user_fcm_token	2026-03-15 23:27:39.406659+05:30
28	accounts	0005_user_district_user_pincode_user_street_and_more	2026-03-18 19:27:55.879319+05:30
\.


--
-- Data for Name: django_session; Type: TABLE DATA; Schema: public; Owner: postgres
--

COPY public.django_session (session_key, session_data, expire_date) FROM stdin;
6yckvoygxl3rvyusf308ayo4x7calp6i	.eJxVjEEOwiAQRe_C2hBgOkNx6b5nIDCgVA0kpV0Z765NutDtf-_9l_BhW4vfel78nMRZDOL0u8XAj1x3kO6h3prkVtdljnJX5EG7nFrKz8vh_h2U0Mu31mRHDJaRgCiBy1etrEE2iANYw6DA6VExctZoCSENGJVTkQxBVlG8P6KgNiE:1w2PAi:vG6jBp2d8HVUhNKXJGgOnYO_XPSoRZikcpBiVTn9Wr8	2026-03-31 13:19:00.833926+05:30
3a2og8m3lemehqini9u6w7gmd87e59ov	.eJxVjEEOwiAQRe_C2hBgOkNx6b5nIDCgVA0kpV0Z765NutDtf-_9l_BhW4vfel78nMRZDOL0u8XAj1x3kO6h3prkVtdljnJX5EG7nFrKz8vh_h2U0Mu31mRHDJaRgCiBy1etrEE2iANYw6DA6VExctZoCSENGJVTkQxBVlG8P6KgNiE:1w2PCs:qLM5DhcqOk0dH4O77tsKep95GzASeEGMMzD_FedKwq4	2026-03-31 13:21:14.159114+05:30
i1k0vqvo8wcs0lttq9sudqwr1kownms7	.eJxVjEEOwiAQRe_C2hBgOkNx6b5nIDCgVA0kpV0Z765NutDtf-_9l_BhW4vfel78nMRZDOL0u8XAj1x3kO6h3prkVtdljnJX5EG7nFrKz8vh_h2U0Mu31mRHDJaRgCiBy1etrEE2iANYw6DA6VExctZoCSENGJVTkQxBVlG8P6KgNiE:1w2R9u:XFe0hOWbWB5sxgqbk0zp-16KJ_0Mi2ICH46QTbHAN_o	2026-03-31 15:26:18.58065+05:30
8e91g8fm5zj9cf87r9new1grd9jzs6tp	.eJxVjDsOwjAQBe_iGlneyF9Kes5g7XptHEC2FCcV4u4QKQW0b2beS0Tc1hq3kZc4szgLK06_G2F65LYDvmO7dZl6W5eZ5K7Igw557Zyfl8P9O6g46rdGSo4KT8oWCgDKecVUgIiNJuNZJwsug51Qe0rsCqAnb9kpF0woIN4fCQ04Zg:1w3DQL:8ajiKkk6IIOxtd4dcylTJEUTsHMXJ1lxF8onmNPrP88	2026-04-02 18:58:29.848024+05:30
u1qcmrpu3u16vh9oibr7go4ftjzxha2i	.eJxVjEEOwiAQRe_C2pDBMgIu3fcMhAFGqgaS0q6MdzckXej2v_f-W_iwb8XvPa9-SeIqJnH63SjEZ64DpEeo9yZjq9u6kByKPGiXc0v5dTvcv4MSehm1cpcUkc-KFWlrY7SckAEncAZYKyDSYBQRm6CniKCNQ0ZlCRAoi88X45c3lw:1vuxpi:YLYEnY_LZwI3vO7TZDvrQKTe58svMxzITulcE3edIRg	2026-03-11 00:42:34.049117+05:30
27pzni8793kq9rtzblagkvxkh3u2bh5u	.eJxVjEEOwiAQRe_C2hBgOkNx6b5nIDCgVA0kpV0Z765NutDtf-_9l_BhW4vfel78nMRZDOL0u8XAj1x3kO6h3prkVtdljnJX5EG7nFrKz8vh_h2U0Mu31mRHDJaRgCiBy1etrEE2iANYw6DA6VExctZoCSENGJVTkQxBVlG8P6KgNiE:1vw1UI:Mgb63bCBzu3CyQ4DVUbk2BNtPAlFr0OL_9VKGy_NfDY	2026-03-13 22:48:50.450011+05:30
534plmwjc6d7xoixdqk956yr3dx8s6nl	.eJxVjMsOwiAQRf-FtSHMQC116b7fQIYZkKqBpI-V8d-1SRe6veec-1KBtrWEbUlzmERdlFOn3y0SP1Ldgdyp3prmVtd5inpX9EEXPTZJz-vh_h0UWsq3BkBLtvN-MMkxgNhoGSFjJvZxOEcD0bFQzsi95M6LQXTCBjqDLvfq_QHcpjfg:1w3HSo:94wIlWo5DyPQ40vV2rUCW44eIew4fohfvbQ5eg3ou8E	2026-04-02 23:17:18.517257+05:30
ztgdqycbl5ggaizpzameatc2fzregpkc	.eJxVjEEOwiAQRe_C2hBgOkNx6b5nIDCgVA0kpV0Z765NutDtf-_9l_BhW4vfel78nMRZDOL0u8XAj1x3kO6h3prkVtdljnJX5EG7nFrKz8vh_h2U0Mu31mRHDJaRgCiBy1etrEE2iANYw6DA6VExctZoCSENGJVTkQxBVlG8P6KgNiE:1vwm9Q:6mVjbMPxvIOaEw6ldJPdJOSMJn7Z4S9xbiH56MfAajA	2026-03-16 00:38:24.282542+05:30
6q9zoim34x1y86e7ksiff73odscj002y	.eJxVjMEKwyAQRP_Fc5Gsuoo99t5vkNU1NW0xEJNT6L-3QijkMoc3b2YXW8tLmFhc3UUE2tYS_kQ4cWKR0ivXXvCT6mOWaa7rMkXZFXm0Td5nzu_b4Z4OCrXS15ASRI-WCQEsEEdi9t6a4ZcKRpWjZkYPWmmDgOw0k3Xj4A27hOLzBZgsO58:1w3BQJ:cZvQT4ugsrCUFvMgDpzAyI4AwwAXNNXSOxjWt6FbBAU	2026-04-02 16:50:19.248177+05:30
89h3wnpqxf7grayqsmki3aw6vx3826um	.eJxVjEEOwiAQRe_C2pDBMgIu3fcMhAFGqgaS0q6MdzckXej2v_f-W_iwb8XvPa9-SeIqJnH63SjEZ64DpEeo9yZjq9u6kByKPGiXc0v5dTvcv4MSehm1cpcUkc-KFWlrY7SckAEncAZYKyDSYBQRm6CniKCNQ0ZlCRAoi88X45c3lw:1w1q6L:WnPg-Lal3qOiaU-KNMXRzK1MNzMAC5pzduG-Njawdzs	2026-03-29 23:52:09.210867+05:30
0u9gmz5yeey8r8fnrl8r9an2wpa36z2y	.eJxVjEEOwiAQRe_C2pDBMgIu3fcMhAFGqgaS0q6MdzckXej2v_f-W_iwb8XvPa9-SeIqJnH63SjEZ64DpEeo9yZjq9u6kByKPGiXc0v5dTvcv4MSehm1cpcUkc-KFWlrY7SckAEncAZYKyDSYBQRm6CniKCNQ0ZlCRAoi88X45c3lw:1w2CSh:UpxJ3568zAYgNGSCyka0adlFcaqNtCGYzCvAyxitaZQ	2026-03-30 23:44:43.851953+05:30
\.


--
-- Data for Name: donations_donation; Type: TABLE DATA; Schema: public; Owner: postgres
--

COPY public.donations_donation (id, food_name, quantity, expiry_time, status, created_at, address_id, restaurant_id, description) FROM stdin;
10	dgr	fs	2026-02-23 04:34:00+05:30	available	2026-02-23 00:34:51.297279+05:30	12	4	
11	daal	10	2026-02-23 04:35:00+05:30	available	2026-02-23 00:35:08.704678+05:30	12	4	
12	ss	sddddddddd	2026-02-23 06:35:00+05:30	available	2026-02-23 00:35:24.497689+05:30	12	4	
14	chicken rice	20	2026-03-06 19:55:00+05:30	available	2026-02-24 19:56:03.101007+05:30	14	3	
15	rice	15	2026-03-12 00:45:00+05:30	completed	2026-02-25 00:45:11.153584+05:30	14	3	
13	biryani	10	2026-02-28 19:53:00+05:30	completed	2026-02-24 19:53:14.22112+05:30	14	3	
16	fruits	20	2026-03-10 00:36:00+05:30	completed	2026-03-02 00:37:06.07204+05:30	14	3	apple, banana, grapes, oranges
17	rice	20	2026-03-31 23:53:00+05:30	completed	2026-03-15 23:53:55.866249+05:30	14	3	
19	rice	12	2026-03-18 19:45:00+05:30	available	2026-03-16 19:45:20.701746+05:30	14	3	
18	rice	12	2026-03-18 19:45:00+05:30	completed	2026-03-16 19:45:14.676556+05:30	14	3	
20	Daal Chaval	50 person	2026-03-21 18:03:00+05:30	completed	2026-03-19 18:03:22.754445+05:30	14	3	
21	Momos	12	2026-03-20 18:16:00+05:30	completed	2026-03-19 18:16:25.246099+05:30	14	3	
\.


--
-- Data for Name: donations_donationquery; Type: TABLE DATA; Schema: public; Owner: postgres
--

COPY public.donations_donationquery (id, message, created_at, donation_id, sender_id) FROM stdin;
1	rr	2026-03-15 23:56:57.347887+05:30	17	3
2	ss	2026-03-16 00:00:00.961748+05:30	17	4
3	cc	2026-03-16 00:00:16.998119+05:30	17	3
4	hello	2026-03-16 19:47:05.689621+05:30	18	4
5	hello	2026-03-16 19:47:16.743349+05:30	18	3
6	Is the food ready for pickup?	2026-03-16 19:55:29.11857+05:30	18	4
7	Yes, the food is ready.	2026-03-16 19:55:45.03293+05:30	18	3
8	Great. Could you please confirm the pickup location?	2026-03-16 19:56:02.093022+05:30	18	4
9	Please collect it from the main entrance of our restaurant	2026-03-16 19:56:21.416351+05:30	18	3
10	Thank you. Our volunteer will arrive on time.	2026-03-16 19:56:35.857842+05:30	18	4
11	Okay, we will keep the food packed and ready.	2026-03-16 19:56:54.063949+05:30	18	3
12	.	2026-03-16 23:41:42.905431+05:30	18	4
13	hi\n	2026-03-19 18:19:25.731575+05:30	21	3
14	hi	2026-03-19 18:19:34.90902+05:30	20	3
15	hello	2026-03-19 18:19:58.88572+05:30	20	7
\.


--
-- Data for Name: donations_donationrequest; Type: TABLE DATA; Schema: public; Owner: postgres
--

COPY public.donations_donationrequest (id, status, requested_at, donation_id, ngo_id) FROM stdin;
3	accepted	2026-02-25 00:45:18.153709+05:30	15	4
2	accepted	2026-02-24 20:42:55.328081+05:30	13	4
1	rejected	2026-02-24 20:42:41.329909+05:30	14	4
4	accepted	2026-03-02 00:38:44.439408+05:30	16	4
5	accepted	2026-03-15 23:55:18.334545+05:30	17	4
6	accepted	2026-03-16 19:46:08.839296+05:30	18	4
7	rejected	2026-03-17 15:26:45.861955+05:30	19	4
10	accepted	2026-03-19 18:18:24.970356+05:30	20	7
8	rejected	2026-03-19 18:06:28.916941+05:30	20	4
9	accepted	2026-03-19 18:17:06.486307+05:30	21	4
\.


--
-- Data for Name: location_address; Type: TABLE DATA; Schema: public; Owner: postgres
--

COPY public.location_address (id, street, city, state, pincode, latitude, longitude, user_id) FROM stdin;
13	mohone	kalyan	maharashtra	421102	19.166589068748838	72.95883178710939	6
14	thane	thane	maharashtra	421111	19.188140883198106	72.9646682739258	3
15	thane station	thane	maharashtra	1223112	19.195922681476315	72.96672821044923	4
12	mohone	kalyan	maharashtra	421102	19.266359562742934	73.16853332493339	4
16	Sec-18	nerul	maharashtra	400706	19.035085108953393	73.02284431483714	7
\.


--
-- Name: accounts_emailotp_id_seq; Type: SEQUENCE SET; Schema: public; Owner: postgres
--

SELECT pg_catalog.setval('public.accounts_emailotp_id_seq', 5, true);


--
-- Name: accounts_notification_id_seq; Type: SEQUENCE SET; Schema: public; Owner: postgres
--

SELECT pg_catalog.setval('public.accounts_notification_id_seq', 27, true);


--
-- Name: accounts_user_groups_id_seq; Type: SEQUENCE SET; Schema: public; Owner: postgres
--

SELECT pg_catalog.setval('public.accounts_user_groups_id_seq', 1, false);


--
-- Name: accounts_user_id_seq; Type: SEQUENCE SET; Schema: public; Owner: postgres
--

SELECT pg_catalog.setval('public.accounts_user_id_seq', 7, true);


--
-- Name: accounts_user_user_permissions_id_seq; Type: SEQUENCE SET; Schema: public; Owner: postgres
--

SELECT pg_catalog.setval('public.accounts_user_user_permissions_id_seq', 1, true);


--
-- Name: accounts_verificationdocument_id_seq; Type: SEQUENCE SET; Schema: public; Owner: postgres
--

SELECT pg_catalog.setval('public.accounts_verificationdocument_id_seq', 14, true);


--
-- Name: auth_group_id_seq; Type: SEQUENCE SET; Schema: public; Owner: postgres
--

SELECT pg_catalog.setval('public.auth_group_id_seq', 1, false);


--
-- Name: auth_group_permissions_id_seq; Type: SEQUENCE SET; Schema: public; Owner: postgres
--

SELECT pg_catalog.setval('public.auth_group_permissions_id_seq', 1, false);


--
-- Name: auth_permission_id_seq; Type: SEQUENCE SET; Schema: public; Owner: postgres
--

SELECT pg_catalog.setval('public.auth_permission_id_seq', 52, true);


--
-- Name: django_admin_log_id_seq; Type: SEQUENCE SET; Schema: public; Owner: postgres
--

SELECT pg_catalog.setval('public.django_admin_log_id_seq', 27, true);


--
-- Name: django_content_type_id_seq; Type: SEQUENCE SET; Schema: public; Owner: postgres
--

SELECT pg_catalog.setval('public.django_content_type_id_seq', 13, true);


--
-- Name: django_migrations_id_seq; Type: SEQUENCE SET; Schema: public; Owner: postgres
--

SELECT pg_catalog.setval('public.django_migrations_id_seq', 28, true);


--
-- Name: donations_donation_id_seq; Type: SEQUENCE SET; Schema: public; Owner: postgres
--

SELECT pg_catalog.setval('public.donations_donation_id_seq', 21, true);


--
-- Name: donations_donationquery_id_seq; Type: SEQUENCE SET; Schema: public; Owner: postgres
--

SELECT pg_catalog.setval('public.donations_donationquery_id_seq', 15, true);


--
-- Name: donations_donationrequest_id_seq; Type: SEQUENCE SET; Schema: public; Owner: postgres
--

SELECT pg_catalog.setval('public.donations_donationrequest_id_seq', 10, true);


--
-- Name: location_address_id_seq; Type: SEQUENCE SET; Schema: public; Owner: postgres
--

SELECT pg_catalog.setval('public.location_address_id_seq', 18, true);


--
-- Name: accounts_emailotp accounts_emailotp_pkey; Type: CONSTRAINT; Schema: public; Owner: postgres
--

ALTER TABLE ONLY public.accounts_emailotp
    ADD CONSTRAINT accounts_emailotp_pkey PRIMARY KEY (id);


--
-- Name: accounts_notification accounts_notification_pkey; Type: CONSTRAINT; Schema: public; Owner: postgres
--

ALTER TABLE ONLY public.accounts_notification
    ADD CONSTRAINT accounts_notification_pkey PRIMARY KEY (id);


--
-- Name: accounts_user accounts_user_email_key; Type: CONSTRAINT; Schema: public; Owner: postgres
--

ALTER TABLE ONLY public.accounts_user
    ADD CONSTRAINT accounts_user_email_key UNIQUE (email);


--
-- Name: accounts_user_groups accounts_user_groups_pkey; Type: CONSTRAINT; Schema: public; Owner: postgres
--

ALTER TABLE ONLY public.accounts_user_groups
    ADD CONSTRAINT accounts_user_groups_pkey PRIMARY KEY (id);


--
-- Name: accounts_user_groups accounts_user_groups_user_id_group_id_59c0b32f_uniq; Type: CONSTRAINT; Schema: public; Owner: postgres
--

ALTER TABLE ONLY public.accounts_user_groups
    ADD CONSTRAINT accounts_user_groups_user_id_group_id_59c0b32f_uniq UNIQUE (user_id, group_id);


--
-- Name: accounts_user accounts_user_pkey; Type: CONSTRAINT; Schema: public; Owner: postgres
--

ALTER TABLE ONLY public.accounts_user
    ADD CONSTRAINT accounts_user_pkey PRIMARY KEY (id);


--
-- Name: accounts_user_user_permissions accounts_user_user_permi_user_id_permission_id_2ab516c2_uniq; Type: CONSTRAINT; Schema: public; Owner: postgres
--

ALTER TABLE ONLY public.accounts_user_user_permissions
    ADD CONSTRAINT accounts_user_user_permi_user_id_permission_id_2ab516c2_uniq UNIQUE (user_id, permission_id);


--
-- Name: accounts_user_user_permissions accounts_user_user_permissions_pkey; Type: CONSTRAINT; Schema: public; Owner: postgres
--

ALTER TABLE ONLY public.accounts_user_user_permissions
    ADD CONSTRAINT accounts_user_user_permissions_pkey PRIMARY KEY (id);


--
-- Name: accounts_verificationdocument accounts_verificationdocument_pkey; Type: CONSTRAINT; Schema: public; Owner: postgres
--

ALTER TABLE ONLY public.accounts_verificationdocument
    ADD CONSTRAINT accounts_verificationdocument_pkey PRIMARY KEY (id);


--
-- Name: auth_group auth_group_name_key; Type: CONSTRAINT; Schema: public; Owner: postgres
--

ALTER TABLE ONLY public.auth_group
    ADD CONSTRAINT auth_group_name_key UNIQUE (name);


--
-- Name: auth_group_permissions auth_group_permissions_group_id_permission_id_0cd325b0_uniq; Type: CONSTRAINT; Schema: public; Owner: postgres
--

ALTER TABLE ONLY public.auth_group_permissions
    ADD CONSTRAINT auth_group_permissions_group_id_permission_id_0cd325b0_uniq UNIQUE (group_id, permission_id);


--
-- Name: auth_group_permissions auth_group_permissions_pkey; Type: CONSTRAINT; Schema: public; Owner: postgres
--

ALTER TABLE ONLY public.auth_group_permissions
    ADD CONSTRAINT auth_group_permissions_pkey PRIMARY KEY (id);


--
-- Name: auth_group auth_group_pkey; Type: CONSTRAINT; Schema: public; Owner: postgres
--

ALTER TABLE ONLY public.auth_group
    ADD CONSTRAINT auth_group_pkey PRIMARY KEY (id);


--
-- Name: auth_permission auth_permission_content_type_id_codename_01ab375a_uniq; Type: CONSTRAINT; Schema: public; Owner: postgres
--

ALTER TABLE ONLY public.auth_permission
    ADD CONSTRAINT auth_permission_content_type_id_codename_01ab375a_uniq UNIQUE (content_type_id, codename);


--
-- Name: auth_permission auth_permission_pkey; Type: CONSTRAINT; Schema: public; Owner: postgres
--

ALTER TABLE ONLY public.auth_permission
    ADD CONSTRAINT auth_permission_pkey PRIMARY KEY (id);


--
-- Name: django_admin_log django_admin_log_pkey; Type: CONSTRAINT; Schema: public; Owner: postgres
--

ALTER TABLE ONLY public.django_admin_log
    ADD CONSTRAINT django_admin_log_pkey PRIMARY KEY (id);


--
-- Name: django_content_type django_content_type_app_label_model_76bd3d3b_uniq; Type: CONSTRAINT; Schema: public; Owner: postgres
--

ALTER TABLE ONLY public.django_content_type
    ADD CONSTRAINT django_content_type_app_label_model_76bd3d3b_uniq UNIQUE (app_label, model);


--
-- Name: django_content_type django_content_type_pkey; Type: CONSTRAINT; Schema: public; Owner: postgres
--

ALTER TABLE ONLY public.django_content_type
    ADD CONSTRAINT django_content_type_pkey PRIMARY KEY (id);


--
-- Name: django_migrations django_migrations_pkey; Type: CONSTRAINT; Schema: public; Owner: postgres
--

ALTER TABLE ONLY public.django_migrations
    ADD CONSTRAINT django_migrations_pkey PRIMARY KEY (id);


--
-- Name: django_session django_session_pkey; Type: CONSTRAINT; Schema: public; Owner: postgres
--

ALTER TABLE ONLY public.django_session
    ADD CONSTRAINT django_session_pkey PRIMARY KEY (session_key);


--
-- Name: donations_donation donations_donation_pkey; Type: CONSTRAINT; Schema: public; Owner: postgres
--

ALTER TABLE ONLY public.donations_donation
    ADD CONSTRAINT donations_donation_pkey PRIMARY KEY (id);


--
-- Name: donations_donationquery donations_donationquery_pkey; Type: CONSTRAINT; Schema: public; Owner: postgres
--

ALTER TABLE ONLY public.donations_donationquery
    ADD CONSTRAINT donations_donationquery_pkey PRIMARY KEY (id);


--
-- Name: donations_donationrequest donations_donationrequest_donation_id_ngo_id_db3b3058_uniq; Type: CONSTRAINT; Schema: public; Owner: postgres
--

ALTER TABLE ONLY public.donations_donationrequest
    ADD CONSTRAINT donations_donationrequest_donation_id_ngo_id_db3b3058_uniq UNIQUE (donation_id, ngo_id);


--
-- Name: donations_donationrequest donations_donationrequest_pkey; Type: CONSTRAINT; Schema: public; Owner: postgres
--

ALTER TABLE ONLY public.donations_donationrequest
    ADD CONSTRAINT donations_donationrequest_pkey PRIMARY KEY (id);


--
-- Name: location_address location_address_pkey; Type: CONSTRAINT; Schema: public; Owner: postgres
--

ALTER TABLE ONLY public.location_address
    ADD CONSTRAINT location_address_pkey PRIMARY KEY (id);


--
-- Name: accounts_emailotp_user_id_137ae83b; Type: INDEX; Schema: public; Owner: postgres
--

CREATE INDEX accounts_emailotp_user_id_137ae83b ON public.accounts_emailotp USING btree (user_id);


--
-- Name: accounts_notification_user_id_30e6cfc5; Type: INDEX; Schema: public; Owner: postgres
--

CREATE INDEX accounts_notification_user_id_30e6cfc5 ON public.accounts_notification USING btree (user_id);


--
-- Name: accounts_user_email_b2644a56_like; Type: INDEX; Schema: public; Owner: postgres
--

CREATE INDEX accounts_user_email_b2644a56_like ON public.accounts_user USING btree (email varchar_pattern_ops);


--
-- Name: accounts_user_groups_group_id_bd11a704; Type: INDEX; Schema: public; Owner: postgres
--

CREATE INDEX accounts_user_groups_group_id_bd11a704 ON public.accounts_user_groups USING btree (group_id);


--
-- Name: accounts_user_groups_user_id_52b62117; Type: INDEX; Schema: public; Owner: postgres
--

CREATE INDEX accounts_user_groups_user_id_52b62117 ON public.accounts_user_groups USING btree (user_id);


--
-- Name: accounts_user_user_permissions_permission_id_113bb443; Type: INDEX; Schema: public; Owner: postgres
--

CREATE INDEX accounts_user_user_permissions_permission_id_113bb443 ON public.accounts_user_user_permissions USING btree (permission_id);


--
-- Name: accounts_user_user_permissions_user_id_e4f0a161; Type: INDEX; Schema: public; Owner: postgres
--

CREATE INDEX accounts_user_user_permissions_user_id_e4f0a161 ON public.accounts_user_user_permissions USING btree (user_id);


--
-- Name: accounts_verificationdocument_user_id_abb6d9a3; Type: INDEX; Schema: public; Owner: postgres
--

CREATE INDEX accounts_verificationdocument_user_id_abb6d9a3 ON public.accounts_verificationdocument USING btree (user_id);


--
-- Name: auth_group_name_a6ea08ec_like; Type: INDEX; Schema: public; Owner: postgres
--

CREATE INDEX auth_group_name_a6ea08ec_like ON public.auth_group USING btree (name varchar_pattern_ops);


--
-- Name: auth_group_permissions_group_id_b120cbf9; Type: INDEX; Schema: public; Owner: postgres
--

CREATE INDEX auth_group_permissions_group_id_b120cbf9 ON public.auth_group_permissions USING btree (group_id);


--
-- Name: auth_group_permissions_permission_id_84c5c92e; Type: INDEX; Schema: public; Owner: postgres
--

CREATE INDEX auth_group_permissions_permission_id_84c5c92e ON public.auth_group_permissions USING btree (permission_id);


--
-- Name: auth_permission_content_type_id_2f476e4b; Type: INDEX; Schema: public; Owner: postgres
--

CREATE INDEX auth_permission_content_type_id_2f476e4b ON public.auth_permission USING btree (content_type_id);


--
-- Name: django_admin_log_content_type_id_c4bce8eb; Type: INDEX; Schema: public; Owner: postgres
--

CREATE INDEX django_admin_log_content_type_id_c4bce8eb ON public.django_admin_log USING btree (content_type_id);


--
-- Name: django_admin_log_user_id_c564eba6; Type: INDEX; Schema: public; Owner: postgres
--

CREATE INDEX django_admin_log_user_id_c564eba6 ON public.django_admin_log USING btree (user_id);


--
-- Name: django_session_expire_date_a5c62663; Type: INDEX; Schema: public; Owner: postgres
--

CREATE INDEX django_session_expire_date_a5c62663 ON public.django_session USING btree (expire_date);


--
-- Name: django_session_session_key_c0390e0f_like; Type: INDEX; Schema: public; Owner: postgres
--

CREATE INDEX django_session_session_key_c0390e0f_like ON public.django_session USING btree (session_key varchar_pattern_ops);


--
-- Name: donations_donation_address_id_cb3a0f46; Type: INDEX; Schema: public; Owner: postgres
--

CREATE INDEX donations_donation_address_id_cb3a0f46 ON public.donations_donation USING btree (address_id);


--
-- Name: donations_donation_restaurant_id_fc0d066c; Type: INDEX; Schema: public; Owner: postgres
--

CREATE INDEX donations_donation_restaurant_id_fc0d066c ON public.donations_donation USING btree (restaurant_id);


--
-- Name: donations_donationquery_donation_id_c5fc5679; Type: INDEX; Schema: public; Owner: postgres
--

CREATE INDEX donations_donationquery_donation_id_c5fc5679 ON public.donations_donationquery USING btree (donation_id);


--
-- Name: donations_donationquery_sender_id_5c640be0; Type: INDEX; Schema: public; Owner: postgres
--

CREATE INDEX donations_donationquery_sender_id_5c640be0 ON public.donations_donationquery USING btree (sender_id);


--
-- Name: donations_donationrequest_donation_id_6dfff1da; Type: INDEX; Schema: public; Owner: postgres
--

CREATE INDEX donations_donationrequest_donation_id_6dfff1da ON public.donations_donationrequest USING btree (donation_id);


--
-- Name: donations_donationrequest_ngo_id_4b7fdac5; Type: INDEX; Schema: public; Owner: postgres
--

CREATE INDEX donations_donationrequest_ngo_id_4b7fdac5 ON public.donations_donationrequest USING btree (ngo_id);


--
-- Name: location_address_user_id_c9a6b8f6; Type: INDEX; Schema: public; Owner: postgres
--

CREATE INDEX location_address_user_id_c9a6b8f6 ON public.location_address USING btree (user_id);


--
-- Name: accounts_emailotp accounts_emailotp_user_id_137ae83b_fk_accounts_user_id; Type: FK CONSTRAINT; Schema: public; Owner: postgres
--

ALTER TABLE ONLY public.accounts_emailotp
    ADD CONSTRAINT accounts_emailotp_user_id_137ae83b_fk_accounts_user_id FOREIGN KEY (user_id) REFERENCES public.accounts_user(id) DEFERRABLE INITIALLY DEFERRED;


--
-- Name: accounts_notification accounts_notification_user_id_30e6cfc5_fk_accounts_user_id; Type: FK CONSTRAINT; Schema: public; Owner: postgres
--

ALTER TABLE ONLY public.accounts_notification
    ADD CONSTRAINT accounts_notification_user_id_30e6cfc5_fk_accounts_user_id FOREIGN KEY (user_id) REFERENCES public.accounts_user(id) DEFERRABLE INITIALLY DEFERRED;


--
-- Name: accounts_user_groups accounts_user_groups_group_id_bd11a704_fk_auth_group_id; Type: FK CONSTRAINT; Schema: public; Owner: postgres
--

ALTER TABLE ONLY public.accounts_user_groups
    ADD CONSTRAINT accounts_user_groups_group_id_bd11a704_fk_auth_group_id FOREIGN KEY (group_id) REFERENCES public.auth_group(id) DEFERRABLE INITIALLY DEFERRED;


--
-- Name: accounts_user_groups accounts_user_groups_user_id_52b62117_fk_accounts_user_id; Type: FK CONSTRAINT; Schema: public; Owner: postgres
--

ALTER TABLE ONLY public.accounts_user_groups
    ADD CONSTRAINT accounts_user_groups_user_id_52b62117_fk_accounts_user_id FOREIGN KEY (user_id) REFERENCES public.accounts_user(id) DEFERRABLE INITIALLY DEFERRED;


--
-- Name: accounts_user_user_permissions accounts_user_user_p_permission_id_113bb443_fk_auth_perm; Type: FK CONSTRAINT; Schema: public; Owner: postgres
--

ALTER TABLE ONLY public.accounts_user_user_permissions
    ADD CONSTRAINT accounts_user_user_p_permission_id_113bb443_fk_auth_perm FOREIGN KEY (permission_id) REFERENCES public.auth_permission(id) DEFERRABLE INITIALLY DEFERRED;


--
-- Name: accounts_user_user_permissions accounts_user_user_p_user_id_e4f0a161_fk_accounts_; Type: FK CONSTRAINT; Schema: public; Owner: postgres
--

ALTER TABLE ONLY public.accounts_user_user_permissions
    ADD CONSTRAINT accounts_user_user_p_user_id_e4f0a161_fk_accounts_ FOREIGN KEY (user_id) REFERENCES public.accounts_user(id) DEFERRABLE INITIALLY DEFERRED;


--
-- Name: accounts_verificationdocument accounts_verificatio_user_id_abb6d9a3_fk_accounts_; Type: FK CONSTRAINT; Schema: public; Owner: postgres
--

ALTER TABLE ONLY public.accounts_verificationdocument
    ADD CONSTRAINT accounts_verificatio_user_id_abb6d9a3_fk_accounts_ FOREIGN KEY (user_id) REFERENCES public.accounts_user(id) DEFERRABLE INITIALLY DEFERRED;


--
-- Name: auth_group_permissions auth_group_permissio_permission_id_84c5c92e_fk_auth_perm; Type: FK CONSTRAINT; Schema: public; Owner: postgres
--

ALTER TABLE ONLY public.auth_group_permissions
    ADD CONSTRAINT auth_group_permissio_permission_id_84c5c92e_fk_auth_perm FOREIGN KEY (permission_id) REFERENCES public.auth_permission(id) DEFERRABLE INITIALLY DEFERRED;


--
-- Name: auth_group_permissions auth_group_permissions_group_id_b120cbf9_fk_auth_group_id; Type: FK CONSTRAINT; Schema: public; Owner: postgres
--

ALTER TABLE ONLY public.auth_group_permissions
    ADD CONSTRAINT auth_group_permissions_group_id_b120cbf9_fk_auth_group_id FOREIGN KEY (group_id) REFERENCES public.auth_group(id) DEFERRABLE INITIALLY DEFERRED;


--
-- Name: auth_permission auth_permission_content_type_id_2f476e4b_fk_django_co; Type: FK CONSTRAINT; Schema: public; Owner: postgres
--

ALTER TABLE ONLY public.auth_permission
    ADD CONSTRAINT auth_permission_content_type_id_2f476e4b_fk_django_co FOREIGN KEY (content_type_id) REFERENCES public.django_content_type(id) DEFERRABLE INITIALLY DEFERRED;


--
-- Name: django_admin_log django_admin_log_content_type_id_c4bce8eb_fk_django_co; Type: FK CONSTRAINT; Schema: public; Owner: postgres
--

ALTER TABLE ONLY public.django_admin_log
    ADD CONSTRAINT django_admin_log_content_type_id_c4bce8eb_fk_django_co FOREIGN KEY (content_type_id) REFERENCES public.django_content_type(id) DEFERRABLE INITIALLY DEFERRED;


--
-- Name: django_admin_log django_admin_log_user_id_c564eba6_fk_accounts_user_id; Type: FK CONSTRAINT; Schema: public; Owner: postgres
--

ALTER TABLE ONLY public.django_admin_log
    ADD CONSTRAINT django_admin_log_user_id_c564eba6_fk_accounts_user_id FOREIGN KEY (user_id) REFERENCES public.accounts_user(id) DEFERRABLE INITIALLY DEFERRED;


--
-- Name: donations_donation donations_donation_address_id_cb3a0f46_fk_location_address_id; Type: FK CONSTRAINT; Schema: public; Owner: postgres
--

ALTER TABLE ONLY public.donations_donation
    ADD CONSTRAINT donations_donation_address_id_cb3a0f46_fk_location_address_id FOREIGN KEY (address_id) REFERENCES public.location_address(id) DEFERRABLE INITIALLY DEFERRED;


--
-- Name: donations_donation donations_donation_restaurant_id_fc0d066c_fk_accounts_user_id; Type: FK CONSTRAINT; Schema: public; Owner: postgres
--

ALTER TABLE ONLY public.donations_donation
    ADD CONSTRAINT donations_donation_restaurant_id_fc0d066c_fk_accounts_user_id FOREIGN KEY (restaurant_id) REFERENCES public.accounts_user(id) DEFERRABLE INITIALLY DEFERRED;


--
-- Name: donations_donationquery donations_donationqu_donation_id_c5fc5679_fk_donations; Type: FK CONSTRAINT; Schema: public; Owner: postgres
--

ALTER TABLE ONLY public.donations_donationquery
    ADD CONSTRAINT donations_donationqu_donation_id_c5fc5679_fk_donations FOREIGN KEY (donation_id) REFERENCES public.donations_donation(id) DEFERRABLE INITIALLY DEFERRED;


--
-- Name: donations_donationquery donations_donationquery_sender_id_5c640be0_fk_accounts_user_id; Type: FK CONSTRAINT; Schema: public; Owner: postgres
--

ALTER TABLE ONLY public.donations_donationquery
    ADD CONSTRAINT donations_donationquery_sender_id_5c640be0_fk_accounts_user_id FOREIGN KEY (sender_id) REFERENCES public.accounts_user(id) DEFERRABLE INITIALLY DEFERRED;


--
-- Name: donations_donationrequest donations_donationre_donation_id_6dfff1da_fk_donations; Type: FK CONSTRAINT; Schema: public; Owner: postgres
--

ALTER TABLE ONLY public.donations_donationrequest
    ADD CONSTRAINT donations_donationre_donation_id_6dfff1da_fk_donations FOREIGN KEY (donation_id) REFERENCES public.donations_donation(id) DEFERRABLE INITIALLY DEFERRED;


--
-- Name: donations_donationrequest donations_donationrequest_ngo_id_4b7fdac5_fk_accounts_user_id; Type: FK CONSTRAINT; Schema: public; Owner: postgres
--

ALTER TABLE ONLY public.donations_donationrequest
    ADD CONSTRAINT donations_donationrequest_ngo_id_4b7fdac5_fk_accounts_user_id FOREIGN KEY (ngo_id) REFERENCES public.accounts_user(id) DEFERRABLE INITIALLY DEFERRED;


--
-- Name: location_address location_address_user_id_c9a6b8f6_fk_accounts_user_id; Type: FK CONSTRAINT; Schema: public; Owner: postgres
--

ALTER TABLE ONLY public.location_address
    ADD CONSTRAINT location_address_user_id_c9a6b8f6_fk_accounts_user_id FOREIGN KEY (user_id) REFERENCES public.accounts_user(id) DEFERRABLE INITIALLY DEFERRED;


--
-- PostgreSQL database dump complete
--

\unrestrict rMu2cYEI9zNWhqHdgvingMsDzfyfMuZoSJwVuwolMmpuRpM0VEOcJ0odzS9CoER

